Port,TCP,UDP,SCTP,DCCP,
0,Reserved,Reserved,,,
1,Yes,Assigned,,,
2,Assigned,Assigned,,,
3,Assigned,Assigned,,,
5,Assigned,Assigned,,,
7,Yes,Yes,,,
9,Yes,Yes,Yes,Assigned,
9,No,Unofficial,,,
11,Yes,Yes,,,
13,Yes,Yes,,,
15,Unofficial,No,,,
17,Yes,Yes,,,
18,Yes,Yes,,,
19,Yes,Yes,,,
20,Yes,Assigned,Yes,,
21,Yes,Assigned,Yes,,
22,Yes,Assigned,Yes,,
23,Yes,Assigned,,,
25,Yes,Assigned,,,
27,Assigned,Assigned,,,
28,Unofficial,,,,
29,Assigned,Assigned,,,
31,Assigned,Assigned,,,
33,Assigned,Assigned,,,
37,Yes,Yes,,,
38,Assigned,Assigned,,,
39,Assigned,Assigned,,,
41,Assigned,Assigned,,,
42,Assigned,Yes,,,
43,Yes,Assigned,,,
44,Assigned,Assigned,,,
45,Assigned,Assigned,,,
46,Assigned,Assigned,,,
47,Reserved,Reserved,,,
48,Assigned,Assigned,,,
49,Yes,Yes,,,
50,Assigned,Assigned,,,
51,Reserved,Reserved,,,
52,Assigned,Assigned,,,
53,Yes,Yes,,,
54,Assigned,Assigned,,,
55,Assigned,Assigned,,,
56,Assigned,Assigned,,,
58,Assigned,Assigned,,,
61,Reserved,Reserved,,,
62,Assigned,Assigned,,,
63,Assigned,Assigned,,,
64,Assigned,Assigned,,,
65,Assigned,Assigned,,,
66,Assigned,Assigned,,,
67,Assigned,Yes,,,
68,Assigned,Yes,,,
69,Assigned,Yes,,,
70,Yes,Assigned,,,
71-74,Yes,Yes,,,
76,Assigned,Assigned,,,
78,Assigned,Assigned,,,
79,Yes,Assigned,,,
80,Yes,Yes,Yes,,
81,Unofficial,,,,
82,Assigned,Assigned,,,
82,,Unofficial,,,
83,Assigned,Assigned,,,
84,Assigned,Assigned,,,
85,Assigned,Assigned,,,
86,Assigned,Assigned,,,
88,Yes,Yes,,,
89,Assigned,Assigned,,,
90,Assigned,Assigned,,,
90,Unofficial,Unofficial,,,
91,Assigned,Assigned,,,
92,Assigned,Assigned,,,
93,Assigned,Assigned,,,
94,Assigned,Assigned,,,
95,Yes,Assigned,,,
96,Assigned,Assigned,,,
97,Assigned,Assigned,,,
98,Assigned,Assigned,,,
99,Assigned,Assigned,,,
101,Yes,Assigned,,,
102,Yes,Assigned,,,
104,Yes,Yes,,,
105,Yes,Yes,,,
106,Unofficial,No,,,
107,Yes,Yes,,,
108,Yes,Yes,,,
109,Yes,Assigned,,,
110,Yes,Assigned,,,
111,Yes,Yes,,,
113,Yes,No,,,
113,Yes,Assigned,,,
115,Yes,Assigned,,,
117,Yes,Yes,,,
118,Yes,Yes,,,
119,Yes,Assigned,,,
123,Assigned,Yes,,,
126,Yes,Yes,,,
135,Yes,Yes,,,
135,Yes,Yes,,,
137,Yes,Yes,,,
138,Assigned,Yes,,,
139,Yes,Assigned,,,
143,Yes,Assigned,,,
151,Assigned,Assigned,,,
152,Yes,Yes,,,
153,Yes,Yes,,,
156,Yes,Yes,,,
158,Yes,Yes,,,
161,Assigned,Yes,,,
162,Yes,Yes,,,
165,Assigned,Assigned,,,
169,Assigned,Assigned,,,
170,Yes,Yes,,,
177,Yes,Yes,,,
179,Yes,Assigned,Yes,,
180,Assigned,Assigned,,,
194,Yes,Yes,,,
199,Yes,Yes,,,
201,Yes,Yes,,,
209,Yes,Assigned,,,
210,Yes,Yes,,,
213,Yes,Yes,,,
218,Yes,Yes,,,
220,Yes,Yes,,,
225-241,Reserved,Reserved,,,
249-255,Reserved,Reserved,,,
259,Yes,Yes,,,
262,Yes,Yes,,,
264,Yes,Yes,,,
280,Yes,Yes,,,
300,Unofficial,,,,
308,Yes,,,,
311,Yes,Assigned,,,
312,Unofficial,No,,,
318,Yes,Yes,,,
319,,Yes,,,
320,,Yes,,,
323,Yes,,,,
350,Yes,Yes,,,
351,Yes,Yes,,,
356,Yes,Yes,,,
366,Yes,Yes,,,
369,Yes,Yes,,,
370,Yes,Yes,,,
370,,Yes,,,
371,Yes,Yes,,,
376,Yes,Yes,,,
383,Yes,Yes,,,
384,Yes,Yes,,,
387,Yes,Yes,,,
388,Yes,Assigned,,,
389,Yes,Assigned,,,
399,Yes,Yes,,,
401,Yes,Yes,,,
427,Yes,Yes,,,
433,Yes,Yes,,,
434,Yes,Yes,,,
443,Yes,Yes,Yes,,
444,Yes,Yes,,,
445,Yes,Yes,,,
445,Yes,Assigned,,,
464,Yes,Yes,,,
465,Yes,No,,,
465,Yes,No,,,
475,Yes,Yes,,,
476-490,Unofficial,Unofficial,,,
491,Unofficial,,,,
497,Yes,Yes,,,
500,Assigned,Yes,,,
502,Yes,Yes,,,
504,Yes,Yes,,,
510,Yes,Yes,,,
512,Yes,,,,
512,,Yes,,,
513,Yes,,,,
513,,Yes,,,
514,Unofficial,,,,
514,No,Yes,,,
515,Yes,Assigned,,,
517,,Yes,,,
518,,Yes,,,
520,Yes,,,,
520,,Yes,,,
521,,Yes,,,
524,Yes,Yes,,,
525,,Yes,,,
530,Yes,Yes,,,
532,Yes,Assigned,,,
533,,Yes,,,
540,Yes,,,,
542,Yes,Yes,,,
543,Yes,,,,
544,Yes,,,,
546,Yes,Yes,,,
547,Yes,Yes,,,
548,Yes,Assigned,,,
550,Yes,Yes,,,
554,Yes,Yes,,,
556,Yes,,,,
560,,Yes,,,
561,,Yes,,,
563,Yes,Yes,,,
564,Unofficial,,,,
585,No,No,,,
587,Yes,Assigned,,,
591,Yes,,,,
593,Yes,Yes,,,
601,Yes,,,,
604,Yes,,,,
623,,Yes,,,
625,Unofficial,No,,,
631,Yes,Yes,,,
631,Unofficial,Unofficial,,,
635,Yes,Yes,,,
636,Yes,Assigned,,,
639,Yes,Yes,,,
641,Yes,Yes,,,
643,Yes,Yes,,,
646,Yes,Yes,,,
647,Yes,,,,
648,Yes,,,,
651,Yes,Yes,,,
653,Yes,Yes,,,
654,Yes,,,,
655,Yes,Yes,,,
657,Yes,Yes,,,
660,Yes,Assigned,,,
666,Yes,Yes,,,
666,Unofficial,,,,
674,Yes,,,,
684,Yes,Yes,,,
688,Yes,Yes,,,
690,Yes,Yes,,,
691,Yes,,,,
694,Yes,Yes,,,
695,Yes,Assigned,,,
698,,Yes,,,
700,Yes,,,,
701,Yes,,,,
702,Yes,,,,
706,Yes,,,,
711,Yes,,,,
712,Yes,,,,
749,Yes,Yes,,,
750,,Yes,,,
751,Unofficial,Unofficial,,,
752,,Unofficial,,,
753,Yes,Yes,,,
753,,Unofficial,,,
754,Yes,Yes,,,
754,Unofficial,,,,
760,Unofficial,Unofficial,,,
782,Unofficial,,,,
783,Unofficial,,,,
800,Yes,Yes,,,
802,Yes,Yes,,,
808,Unofficial,,,,
829,Yes,Assigned,,,
830,Yes,Yes,,,
831,Yes,Yes,,,
832,Yes,Yes,,,
833,Yes,Yes,,,
843,Unofficial,,,,
847,Yes,,,,
848,Yes,Yes,,,
853,Yes,,,,
853,,Yes,,,
860,Yes,,,,
861,Yes,Yes,,,
862,Yes,Yes,,,
873,Yes,,,,
888,Unofficial,,,,
888,Unofficial,,,,
897,Unofficial,Unofficial,,,
898,Unofficial,Unofficial,,,
902,Unofficial,Unofficial,,,
903,Unofficial,,,,
953,Yes,Reserved,,,
981,Unofficial,,,,
987,,Unofficial,,,
987,Unofficial,,,,
988,Unofficial,,,,
989,Yes,Yes,,,
990,Yes,Yes,,,
991,Yes,Yes,,,
992,Yes,Yes,,,
993,Yes,Assigned,,,
994,Reserved,Reserved,,,
995,Yes,Yes,,,
1010,Unofficial,,,,
1011-1020,Reserved,Reserved,,,
1023,Reserved,Reserved,,,
1023,Unofficial,Unofficial,,,
Port,TCP,UDP,SCTP,DCCP,
1024,Reserved,Reserved,,,
1025,Assigned,Assigned,,,
1027,Reserved,,,,
1027,,Yes,,,
1028,Reserved,Reserved,Reserved,Reserved,
1029,Unofficial,Unofficial,,,
1058,Yes,Yes,,,
1059,Yes,Yes,,,
1080,Yes,Yes,,,
1085,Yes,Yes,,,
1098,Yes,Yes,,,
1099,Yes,Assigned,,,
1100,,Unofficial,,,
1109,Reserved,Reserved,,,
1112,Unofficial,,,,
1113,Assigned,Yes,,,
1119,Yes,Yes,,,
1167,Yes,Yes,Yes,,
1194,Yes,Yes,,,
1198,Yes,Yes,,,
1212,Unofficial,Unofficial,,,
1214,Yes,Yes,,,
1220,Yes,Assigned,,,
1234,Yes,Yes,,,
1234,,Unofficial,,,
1241,Unofficial,Unofficial,,,
1270,Yes,Yes,,,
1293,Yes,Yes,,,
1311,Yes,Yes,,,
1311,Unofficial,,,,
1314,Unofficial,Unofficial,,,
1319,Yes,Yes,,,
1337,Yes,Yes,,,
1337,Unofficial,,,,
1337,Unofficial,,,,
1337,Unofficial,,,,
1341,Yes,Yes,,,
1344,Yes,Yes,,,
1352,Yes,Yes,,,
1360,Yes,Yes,,,
1414,Yes,Yes,,,
1417,Yes,Yes,,,
1418,Yes,Yes,,,
1419,Yes,Yes,,,
1420,Yes,Yes,,,
1431,Yes,,,,
1433,Yes,Yes,,,
1434,Yes,Yes,,,
1476,Yes,Yes,,,
1481,Yes,Yes,,,
1492,Unofficial,,,,
1494,Unofficial,Unofficial,,,
1500,Unofficial,,,,
1501,Unofficial,,,,
1503,Unofficial,Unofficial,,,
1512,Yes,Yes,,,
1513,Unofficial,Unofficial,,,
1521,Yes,Yes,,,
1521,Unofficial,,,,
1524,Yes,Yes,,,
1527,Yes,Yes,,,
1527,Unofficial,,,,
1533,Yes,Yes,,,
1534,No,Unofficial,,,
1540,Unofficial,Unofficial,,,
1541,Unofficial,Unofficial,,,
1542,Unofficial,Unofficial,,,
1545,Unofficial,Unofficial,,,
1547,Yes,Yes,,,
1550,Unofficial,Unofficial,,,
1550,Unofficial,,,,
1560-1590,Unofficial,Unofficial,,,
1581,Yes,Yes,,,
1581,Unofficial,,,,
1582-1583,Unofficial,,,,
1583,Unofficial,Unofficial,,,
1589,Yes,Yes,,,
1604,Unofficial,Unofficial,,,
1626,Unofficial,,,,
1627,Unofficial,,,,
1628,Yes,Yes,,,
1629,Yes,Yes,,,
1645,No,Unofficial,,,
1646,No,Unofficial,,,
1666,Unofficial,,,,
1677,Yes,Yes,,,
1688,Unofficial,,,,
1701,Yes,Yes,,,
1701,Assigned,Yes,,,
1707,Yes,Yes,,,
1707,,Unofficial,,,
1714-1764,Unofficial,Unofficial,,,
1716,,Unofficial,,,
1719,Yes,Yes,,,
1720,Yes,Yes,,,
1723,Yes,Assigned,,,
1755,Yes,Yes,,,
1761,Unofficial,Unofficial,,,
1776,Yes,Yes,,,
1783,Reserved,Reserved,Reserved,Reserved,
1801,Yes,Yes,,,
1812,Yes,Yes,,,
1813,Yes,Yes,,,
1863,Yes,Yes,,,
1880,Unofficial,Unofficial,,,
1883,Yes,Yes,,,
1900,Assigned,Yes,,,
1935,Yes,Yes,,,
1935,Unofficial,Unofficial,,,
1965,Unofficial,No,,,
1967,,Unofficial,,,
1972,Yes,Yes,,,
1984,Yes,Yes,,,
1984,Unofficial,,,,
1985,Assigned,Yes,,,
1998,Yes,Yes,,,
2000,Yes,Yes,,,
2010,Unofficial,Unofficial,,,
2033,Unofficial,Unofficial,,,
2049,Yes,Yes,Yes,,
2056,Unofficial,Unofficial,,,
2080,Yes,Yes,,,
2082,Unofficial,,,,
2083,Yes,Yes,,,
2083,Unofficial,,,,
2086,Yes,Yes,,,
2086,Unofficial,,,,
2087,Unofficial,,,,
2095,Yes,,,,
2096,Unofficial,,,,
2100,Unofficial,,,,
2101,Unofficial,,,,
2102,Yes,Yes,,,
2103,Yes,Yes,,,
2104,Yes,Yes,,,
2123,Yes,Yes,,,
2142,Yes,Yes,,,
2152,Yes,Yes,,,
2159,Yes,Yes,,,
2181,Yes,Yes,,,
2181,Unofficial,,,,
2195,Unofficial,,,,
2196,Unofficial,,,,
2197,Unofficial,,,,
2210,Yes,Yes,,,
2211,Yes,Yes,,,
2221,Unofficial,,,,
2222,Yes,Yes,,,
2222,Unofficial,Unofficial,,,
2222-2226,Yes,,,,
2240,Yes,Yes,,,
2261,Yes,Yes,,,
2262,Yes,Yes,,,
2302,,Unofficial,,,
2302,,Unofficial,,,
2303,,Unofficial,,,
2303,,Unofficial,,,
2305,,Unofficial,,,
2351,Unofficial,,,,
2368,Unofficial,,,,
2369,Unofficial,,,,
2370,Unofficial,,,,
2372,Unofficial,,,,
2375,Yes,Reserved,,,
2376,Yes,Reserved,,,
2377,Yes,Reserved,,,
2379,Yes,Reserved,,,
2379,Unofficial,,,,
2380,Yes,Reserved,,,
2389,Assigned,Assigned,,,
2399,Yes,Yes,,,
2401,Yes,Yes,,,
2404,Yes,Yes,,,
2424,Unofficial,,,,
2427,Yes,Yes,,,
2447,Yes,Yes,,,
2456,Unofficial,Unofficial,,,
2459,Yes,Yes,,,
2480,Unofficial,,,,
2483,Yes,Yes,,,
2484,Yes,Yes,,,
2500,Unofficial,Unofficial,,,
2501,,Unofficial,,,
2535,Yes,Yes,,,
2541,Yes,Yes,,,
2546-2548,Yes,Yes,,,
2593,Unofficial,Unofficial,,,
2598,Unofficial,,,,
2599,Unofficial,Unofficial,,,
2628,Yes,Yes,,,
2638,Yes,Yes,,,
2710,Unofficial,Unofficial,,,
2727,Yes,Yes,,,
2759,,Unofficial,,,
2775,Yes,Yes,,,
2809,Yes,Yes,,,
2811,Yes,Yes,,,
2827,Unofficial,,,,
2944,Yes,Yes,,,
2945,Yes,Yes,,,
2947,Yes,Yes,,,
2948-2949,Yes,Yes,,,
2967,Yes,Yes,,,
2989,Yes,Yes,,,
3000,Unofficial,,,,
3000,Unofficial,,,,
3000,Unofficial,Unofficial,,,
3000,Unofficial,,,,
3000,Unofficial,,,,
3000,Unofficial,,,,
3001,Yes,No,,,
3004,Unofficial,,,,
3010,Yes,Yes,,,
3020,Yes,Yes,,,
3050,Yes,Yes,,,
3052,Yes,Yes,,,
3074,Yes,Yes,,,
3101,Unofficial,,,,
3128,Unofficial,No,,,
3225,Yes,Yes,,,
3233,Yes,Yes,,,
3260,Yes,Yes,,,
3268,Yes,Yes,,,
3269,Yes,Yes,,,
3283,Yes,Yes,,,
3283,Unofficial,Unofficial,,,
3290,,Unofficial,,,
3305,Yes,Yes,,,
3306,Yes,Assigned,,,
3323,Unofficial,Unofficial,,,
3332,,Unofficial,,,
3333,Unofficial,,,,
3333,Unofficial,,,,
3333,Unofficial,,,,
3333,Unofficial,,,,
3344,Unofficial,Unofficial,,,
3351,Unofficial,Unofficial,,,
3386,Yes,Yes,,,
3389,Yes,Yes,,,
3396,Yes,Yes,,,
3412,Yes,Yes,,,
3423,Yes,,,,
3424,Yes,,,,
3435,Yes,Yes,,,
3455,Yes,Yes,,,
3478,Yes,Yes,,,
3478,Yes,Yes,,,
3478,Yes,Yes,,,
3478-3481,,Unofficial,,,
3479,Unofficial,Unofficial,,,
3480,Unofficial,Unofficial,,,
3483,,Yes,,,
3483,Yes,,,,
3493,Yes,Yes,,,
3503,Yes,Yes,,,
3516,Yes,Yes,,,
3527,,Yes,,,
3535,Unofficial,,,,
3544,,Yes,,,
3551,Yes,Yes,,,
3601,Yes,,,,
3632,Yes,Assigned,,,
3645,Yes,Yes,,,
3655,Yes,Yes,,,
3659,Yes,Yes,,,
3659,,Unofficial,,,
3667,Yes,Yes,,,
3671,Yes,Yes,,,
3689,Yes,Assigned,,,
3690,Yes,Yes,,,
3702,Yes,Yes,,,
3721,Unofficial,,,,
3724,Yes,Yes,,,
3724,Unofficial,,,,
3725,Yes,Yes,,,
3749,Yes,Yes,,,
3768,Yes,Yes,,,
3784,,Yes,,,
3785,,Unofficial,,,
3799,,Yes,,,
3804,Yes,Yes,,,
3825,Unofficial,,,,
3826,Yes,Yes,,,
3826,Unofficial,,,,
3835,Unofficial,,,,
3830,Yes,Yes,,,
3856,Unofficial,Unofficial,,,
3880,Yes,Yes,,,
3868,Yes,,Yes,,
3872,Yes,,,,
3900,Yes,,,,
3960,,Unofficial,,,
3962,,Unofficial,,,
3978,Unofficial,Unofficial,,,
3978,Unofficial,,,,
3979,Unofficial,Unofficial,,,
3999,Yes,Yes,,,
4000,Unofficial,Unofficial,,,
4001,Unofficial,,,,
4001,Unofficial,,,,
4018,Yes,Yes,,,
4035,Unofficial,,,,
4045,Unofficial,Unofficial,,,
4050,Unofficial,,,,
4069,,Yes,,,
4070,Unofficial,Unofficial,,,
4089,Yes,Yes,,,
4090,Yes,Yes,,,
4093,Yes,Yes,,,
4096,Yes,Yes,,,
4105,Yes,Yes,,,
4111,Yes,Assigned,,,
4116,Yes,Yes,,,
4123,Assigned,Yes,,,
4125,Unofficial,,,,
4172,Yes,Yes,,,
4190,Yes,,,,
4195,Yes,Yes,Yes,Yes,
4197,Yes,Yes,,,
4198,Unofficial,Unofficial,,,
4200,Unofficial,,,,
4201,Unofficial,,,,
4222,Unofficial,,,,
4226,Unofficial,Unofficial,,,
4242,Unofficial,,,,
4242,Unofficial,,,,
4243,Unofficial,,,,
4243,Unofficial,,,,
4244,Unofficial,Unofficial,,,
4303,Yes,Yes,,,
4307,Yes,,,,
4321,Yes,,,,
4433,,Unofficial,,,
4444,Unofficial,Unofficial,,,
4444,Unofficial,Unofficial,,,
4444,Unofficial,Unofficial,,,
4444,Unofficial,,,,
4444-4445,Unofficial,,,,
4486,Yes,Yes,,,
4488,Yes,Assigned,,,
4500,Assigned,Yes,,,
4502-4534,Yes,,,,
4505-4506,Unofficial,,,,
4534,,Unofficial,,,
4560,Unofficial,,,,
4567,Unofficial,,,,
4569,,Yes,,,
4604,Yes,,,,
4605,Yes,,,,
4610-4640,Unofficial,,,,
4662,Yes,Yes,,,
4662,Unofficial,,,,
4664,Unofficial,,,,
4672,,Unofficial,,,
4711,Unofficial,,,,
4713,Unofficial,,,,
4723,Unofficial,,,,
4724,Unofficial,,,,
4728,Yes,,,,
4730,Yes,Yes,,,
4739,Yes,Yes,,,
4747,Unofficial,,,,
4753,Yes,Yes,,,
4757,Unofficial,Unofficial,,,
4789,,Yes,,,
4791,,Yes,,,
4840,Yes,Yes,,,
4843,Yes,Yes,,,
4847,Yes,Yes,,,
4848,Unofficial,,,,
4894,Yes,Yes,,,
4944,No,Unofficial,,,
4949,Yes,,,,
4950,Yes,Yes,,,
5000,Unofficial,,,,
5000,Unofficial,Unofficial,,,
5000,Unofficial,,,,
5000,,Unofficial,,,
5000,Unofficial,,,,
5000,Unofficial,,,,
5000,Unofficial,,,,
5000,Unofficial,Unofficial,,,
5000,Unofficial,,,,
5000,Unofficial,Unofficial,,,
5000,Unofficial,,,,
5000,Unofficial,,,,
5000,Unofficial,,,,
5000,Unofficial,,,,
5000-5500,No,Unofficial,,,
5001,Unofficial,,,,
5001,Unofficial,Unofficial,,,
5001,Unofficial,,,,
5001,Unofficial,,,,
5002,Unofficial,,,,
5003,Yes,Assigned,,,
5004,Yes,Yes,,Yes,
5005,Yes,Yes,,Yes,
5007,Unofficial,,,,
5010,Yes,Yes,,,
5011,Yes,Yes,,,
5022,Unofficial,,,,
5025,Yes,Yes,,,
5029,,Unofficial,,,
5031,Unofficial,Unofficial,,,
5037,Unofficial,,,,
5044,Yes,,,,
5048,Yes,,,,
5050,Unofficial,,,,
5051,Yes,,,,
5060,Yes,Yes,,,
5061,Yes,,,,
5062,Yes,Yes,,,
5064,Yes,Yes,,,
5065,Assigned,Yes,,,
5070,Unofficial,No,,,
5080,Unofficial,Unofficial,,,
5084,Yes,Yes,,,
5085,Yes,Yes,,,
5090,Unofficial,Unofficial,,,
5093,,Yes,,,
5099,Yes,Yes,,,
5104,Unofficial,,,,
5121,Unofficial,,,,
5124,Unofficial,Unofficial,,,
5125,Unofficial,Unofficial,,,
5150,Yes,Yes,,,
5151,Yes,,,,
5151,,Yes,,,
5154,Yes,Yes,,,
5172,Yes,,,,
5173,Unofficial,,,,
5190,Yes,Yes,,,
5198,,Unofficial,,,
5199,,Unofficial,,,
5200,Unofficial,,,,
5201,Unofficial,Unofficial,,,
5222,Yes,Reserved,,,
5223,Unofficial,,,,
5223,Unofficial,,,,
5228,Yes,,,,
5228,Unofficial,,,,
5231,Yes,,,,
5232,Yes,,,,
5232,Unofficial,,,,
5235-5236,Unofficial,,,,
5242,Unofficial,Unofficial,,,
5243,Unofficial,Unofficial,,,
5246,,Yes,,,
5247,,Yes,,,
5269,Yes,,,,
5280,Yes,,,,
5281,Unofficial,,,,
5298,Yes,Yes,,,
5310,Assigned,Yes,,,
5318,Yes,Reserved,,,
5349,Yes,Yes,,,
5349,Yes,Yes,,,
5349,Yes,Reserved,,,
5351,Reserved,Yes,,,
5353,Assigned,Yes,,,
5355,Yes,Yes,,,
5357,Unofficial,Unofficial,,,
5358,Unofficial,Unofficial,,,
5394,,Unofficial,,,
5402,Yes,Yes,,,
5405,Yes,Yes,,,
5412,Yes,Yes,,,
5413,Yes,Yes,,,
5417,Yes,Yes,,,
5421,Yes,Yes,,,
5432,Yes,Assigned,,,
5433,Unofficial,,,,
5445,,Unofficial,,,
5450,Unofficial,Unofficial,,,
5457,Unofficial,,,,
5458,Unofficial,,,,
5480,Unofficial,,,,
5481,Unofficial,,,,
5495,Unofficial,,,,
5498,Unofficial,,,,
5499,,Unofficial,,,
5500,Unofficial,,,,
5500,Unofficial,,,,
5501,Unofficial,,,,
5517,Unofficial,,,,
5550,Unofficial,,,,
5554,Unofficial,Unofficial,,,
5555,Unofficial,Unofficial,,,
5555,Unofficial,,,,
5555,Unofficial,,,,
5556,Yes,Yes,,,
5568,Yes,Yes,,,
5601,Unofficial,,,,
5631,Yes,,,,
5632,,Yes,,,
5656,Unofficial,,,,
5666,Unofficial,,,,
5667,Unofficial,,,,
5670,Yes,,,,
5670,,Yes,,,
5671,Yes,Assigned,,,
5672,Yes,Assigned,Yes,,
5678,Unofficial,No,,,
5678,No,Yes,,,
5683,Yes,Yes,,,
5684,Yes,Yes,,,
5693,Unofficial,,,,
5701,Unofficial,,,,
5718,Unofficial,,,,
5719,Unofficial,,,,
5722,Yes,Yes,,,
5723,Unofficial,,,,
5724,Unofficial,,,,
5741,Yes,Yes,,,
5742,Yes,Yes,,,
5800,Unofficial,,,,
5800,Unofficial,,,,
5900,Yes,Yes,,,
5900,Unofficial,,,,
5905,Unofficial,,,,
5931,Yes,Yes,,,
5938,Unofficial,Unofficial,,,
5984,Yes,Yes,,,
5985,Yes,,,,
5986,Yes,,,,
5988-5989,Yes,,,,
6000-6063,Yes,Yes,,,
6005,Unofficial,,,,
6005,Unofficial,,,,
6009,Unofficial,,,,
6024-6025,,Unofficial,,,
6026,Unofficial,,,,
6030-6031,,Unofficial,,,
6050,Unofficial,,,,
6051,Unofficial,,,,
6086,Yes,,,,
6100,Unofficial,,,,
6100,Unofficial,,,,
6101,Unofficial,,,,
6110,Yes,Yes,,,
6111,Yes,Yes,,,
6112,Yes,Yes,,,
6112,Unofficial,Unofficial,,,
6112,Unofficial,,,,
6113,Unofficial,,,,
6136,Unofficial,,,,
6159,Yes,,,,
6160,Unofficial,,,,
6161,Unofficial,,,,
6162,Unofficial,,,,
6163,Unofficial,,,,
6164,Unofficial,,,,
6165,Unofficial,,,,
6167,Unofficial,,,,
6170,Unofficial,,,,
6200,Unofficial,,,,
6201,Assigned,Assigned,,,
6201,Unofficial,,,,
6225,Unofficial,,,,
6227,Unofficial,,,,
6240,Unofficial,,,,
6244,Unofficial,Unofficial,,,
6255,Unofficial,Unofficial,,,
6257,,Unofficial,,,
6260,Unofficial,Unofficial,,,
6262,Unofficial,,,,
6343,,Yes,,,
6346,Yes,Yes,,,
6347,Yes,Yes,,,
6350,Yes,Yes,,,
6379,Yes,,,,
6389,Unofficial,,,,
6432,Yes,,,,
6436,Unofficial,,,,
6437,Unofficial,,,,
6443,Yes,,,,
6444,Yes,Yes,,,
6445,Yes,Yes,,,
6454,,Unofficial,,,
6463-6472,Unofficial,,,,
6464,Yes,Yes,,,
6513,Yes,,,,
6514,Yes,,,,
6515,Yes,Yes,,,
6516,Unofficial,Unofficial,,,
6543,Unofficial,,,,
6556,Unofficial,,,,
6566,Yes,,,,
6560-6561,Unofficial,,,,
6571,Unofficial,Unofficial,,,
6600,Yes,,,,
6600,Unofficial,,,,
6601,Yes,,,,
6602,Yes,,,,
6619,Yes,Yes,,,
6622,Yes,Yes,,,
6626,Yes,Yes,,,
6653,Yes,Assigned,,,
6660-6664,Unofficial,,,,
6665-6669,Yes,,,,
6679,Yes,Yes,,,
6679,Unofficial,,,,
6690,Unofficial,,,,
6697,Yes,,,,
6699,Unofficial,,,,
6715,Unofficial,,,,
6771,,Unofficial,,,
6783-6785,Unofficial,,,,
6801,Yes,Yes,,,
6881-6887,Unofficial,Unofficial,,,
6888,Yes,Yes,,,
6888,Unofficial,Unofficial,,,
6889-6890,Unofficial,Unofficial,,,
6891-6900,Unofficial,Unofficial,,,
6891-6900,Unofficial,Unofficial,,,
6901,Unofficial,Unofficial,,,
6901,Unofficial,Unofficial,,,
6902-6968,Unofficial,Unofficial,,,
6924,Yes,Yes,,,
6935,Yes,Yes,,,
6936,Yes,Yes,,,
6969,Yes,Yes,,,
6969,Unofficial,,,,
6970-6999,Unofficial,Unofficial,,,
6970-6999,,Unofficial,,,
6980,,Unofficial,,,
7000,Unofficial,,,,
7000,Unofficial,,,,
7001,Unofficial,,,,
7001,Unofficial,,,,
7002,Unofficial,,,,
7005,Unofficial,,,,
7006,Unofficial,,,,
7010,Unofficial,,,,
7022,Unofficial,,,,
7023,,Yes,,,
7025,Unofficial,,,,
7047,Unofficial,,,,
7070,Unofficial,Unofficial,,,
7077,Yes,Yes,,,
7133,Unofficial,,,,
7144,Unofficial,,,,
7145,Unofficial,,,,
7171,Unofficial,,,,
7262,Yes,Yes,,,
7272,Yes,Yes,,,
7306,Unofficial,,,,
7307,Unofficial,,,,
7312,,Unofficial,,,
7396,Unofficial,,,,
7400,Yes,Yes,,,
7401,Yes,Yes,,,
7402,Yes,Yes,,,
7471,Unofficial,,,,
7473,Yes,,,,
7474,Yes,,,,
7478,Yes,,,,
7542,Yes,Yes,,,
7547,Yes,Yes,,,
7575,,Unofficial,,,
7624,Yes,Yes,,,
7631,Yes,,,,
7634,Unofficial,,,,
7652-7654,Unofficial,,,,
7655,,Unofficial,,,
7656-7660,Unofficial,,,,
7659,Unofficial,Unofficial,,,
7670,Unofficial,,,,
7680,Unofficial,,,,
7687,Yes,,,,
7707-7708,,Unofficial,,,
7717,,Unofficial,,,
7777,Unofficial,,,,
7777,Unofficial,,,,
7777,Unofficial,,,,
7777,Unofficial,,,,
7777,Unofficial,,,,
7777,,Unofficial,,,
7777,,Unofficial,,,
7777-7788,,Yes,,,
7777-7788,Unofficial,Unofficial,,,
7831,Unofficial,,,,
7880,Unofficial,Unofficial,,,
7890,Unofficial,,,,
7915,Unofficial,,,,
7935,Unofficial,,,,
7946,Unofficial,Unofficial,,,
7979,,Unofficial,,,
7990,Unofficial,,,,
8000,Unofficial,,,,
8000,Unofficial,Unofficial,,,
8000,Unofficial,Unofficial,,,
8000,Unofficial,Unofficial,,,
8005,Unofficial,,,,
8005,Unofficial,,,,
8005,Unofficial,,,,
8006,Unofficial,,,,
8006,Unofficial,No,,,
8007,Unofficial,,,,
8007,Yes,,,,
8008,Unofficial,Unofficial,,,
8008,Unofficial,,,,
8008,Unofficial,,,,
8008,Unofficial,No,,,
8009,Unofficial,,,,
8010,Unofficial,No,,,
8042,Unofficial,Unofficial,,,
8061,Yes,Reserved,,,
8069,Unofficial,,,,
8070,Unofficial,,,,
8074,Yes,Yes,,,
8075,Unofficial,,,,
8080,Yes,Yes,,,
8080,Unofficial,,,,
8080,Unofficial,,,,
8081,Yes,Yes,,,
8088,Unofficial,,,,
8088,Unofficial,,,,
8089,Unofficial,No,,,
8089,Unofficial,,,,
8090,Unofficial,Unofficial,,,
8090,Unofficial,,,,
8090,Unofficial,Unofficial,,,
8091,Unofficial,Unofficial,,,
8092,Unofficial,Unofficial,,,
8096,Unofficial,,,,
8100,Unofficial,,,,
8102,Unofficial,,,,
8111,Unofficial,,,,
8112,Unofficial,,,,
8116,,Unofficial,,,
8118,Yes,,,,
8123,Unofficial,,,,
8123,Unofficial,,,,
8123,Unofficial,,,,
8123,Unofficial,,,,
8124,Unofficial,,,,
8125,Unofficial,,,,
8139,Unofficial,,,,
8140,Yes,,,,
8172,Unofficial,,,,
8184,Unofficial,,,,
8194-8195,Yes,Yes,,,
8200,Unofficial,,,,
8200,Unofficial,,,,
8200,Unofficial,,,,
8222,Unofficial,Unofficial,,,
8236,Unofficial,Unofficial,,,
8243,Yes,Yes,,,
8245,Unofficial,,,,
8280,Yes,Yes,,,
8281,Unofficial,,,,
8291,Unofficial,,,,
8303,,Unofficial,,,
8332,Unofficial,,,,
8333,Unofficial,,,,
8333,Unofficial,Unofficial,,,
8334,Unofficial,,,,
8337,Unofficial,,,,
8384,Unofficial,,,,
8388,Unofficial,,,,
8400,Yes,,,,
8401,Yes,,,,
8403,Yes,,,,
8443,Unofficial,,,,
8443,Unofficial,,,,
8443,Unofficial,,,,
8443,Unofficial,,,,
8443,Unofficial,,,,
8444,Unofficial,,,,
8444,Unofficial,,,,
8448,Yes,Yes,,,
8484,Unofficial,,,,
8500,Unofficial,,,,
8530,Unofficial,Unofficial,,,
8531,Unofficial,Unofficial,,,
8555,Unofficial,,,,
8555,Unofficial,,,,
8580,Unofficial,Unofficial,,,
8611-8614,Yes,Yes,,,
8629,Unofficial,,,,
8642,Unofficial,,,,
8691,Unofficial,,,,
8765,Unofficial,No,,,
8767,,Unofficial,,,
8834,Unofficial,Unofficial,,,
8840,Unofficial,Unofficial,,,
8880,Yes,,,,
8880,Unofficial,Unofficial,,,
8883,Yes,Yes,,,
8887,Unofficial,Unofficial,,,
8888,Unofficial,Unofficial,,,
8888,Unofficial,No,,,
8888,Unofficial,Unofficial,,,
8888,Unofficial,Unofficial,,,
8889,Unofficial,Unofficial,,,
8920,Unofficial,Unofficial,,,
8983,Unofficial,Unofficial,,,
8997,Unofficial,Unofficial,,,
8998,Unofficial,Unofficial,,,
8999,Unofficial,Unofficial,,,
9000,Unofficial,,,,
9000,Unofficial,,,,
9000,Unofficial,,,,
9000,Unofficial,,,,
9000,,Unofficial,,,
9000,Unofficial,,,,
9000,Unofficial,,,,
9000,Unofficial,,,,
9000,Unofficial,,,,
9000,Unofficial,,,,
9001,Yes,Yes,,,
9001,Unofficial,Unofficial,,,
9001,Unofficial,Unofficial,,,
9001,Unofficial,Unofficial,,,
9001,Unofficial,,,,
9001,Unofficial,,,,
9001,Unofficial,,,,
9002,Unofficial,Unofficial,,,
9002,Unofficial,,,,
9003,Unofficial,Unofficial,,,
9006,Reserved,Reserved,Reserved,Reserved,
9006,Unofficial,,,,
9030,Unofficial,,,,
9042,Unofficial,,,,
9043,Unofficial,,,,
9050-9051,Unofficial,,,,
9060,Unofficial,,,,
9080,Yes,Yes,,,
9080,Unofficial,,,,
9080,Unofficial,,,,
9080,Unofficial,,,,
9081,Unofficial,,,,
9090,Unofficial,,,,
9090,Unofficial,,,,
9090,Unofficial,,,,
9090,Unofficial,,,,
9091,Unofficial,,,,
9091,Unofficial,,,,
9092,Unofficial,,,,
9092,Unofficial,,,,
9100,Yes,Assigned,,,
9101,Yes,Yes,,,
9102,Yes,Yes,,,
9103,Yes,Yes,,,
9119,Yes,Yes,,,
9150,Unofficial,,,,
9191,Unofficial,,,,
9199,Unofficial,,,,
9200,Unofficial,,,,
9217,Unofficial,,,,
9229,Unofficial,,,,
9293,Unofficial,,,,
9295,Unofficial,Unofficial,,,
9296,,Unofficial,,,
9897,,Unofficial,,,
9300,Unofficial,,,,
9303,,Unofficial,,,
9306,Yes,,,,
9309,Unofficial,Unofficial,,,
9312,Yes,,,,
9332,Unofficial,,,,
9333,Unofficial,,,,
9339,Unofficial,,,,
9389,Yes,Yes,,,
9392,Unofficial,No,,,
9418,Yes,Yes,,,
9419,Unofficial,,,,
9420,Unofficial,,,,
9421,Unofficial,,,,
9422,Unofficial,,,,
9425,Unofficial,,,,
9443,Unofficial,,,,
9443,Unofficial,,,,
9535,Yes,Yes,,,
9536,Yes,Yes,,,
9600,No,Unofficial,,,
9669,Unofficial,No,,,
9675,Unofficial,Unofficial,,,
9676,Unofficial,Unofficial,,,
9695,Yes,Yes,,,
9735,Unofficial,,,,
9785,Unofficial,Unofficial,,,
9800,Yes,Yes,,,
9800,Unofficial,Unofficial,,,
9875,Unofficial,,,,
9898,Unofficial,,,,
9899,,Yes,,,
9901,Unofficial,,,,
9981,Unofficial,,,,
9982,Unofficial,,,,
9987,Unofficial,No,,,
9993,,Unofficial,,,
9997,Unofficial,,,,
9999,Unofficial,Unofficial,,,
9999,Unofficial,,,,
10000,Yes,Yes,,,
10000,Unofficial,Unofficial,,,
10000,Unofficial,Unofficial,,,
10000-20000,No,Unofficial,,,
10001,,Unofficial,,,
10009,Unofficial,Unofficial,,,
10011,Unofficial,No,,,
10022,Unofficial,No,,,
10024,Unofficial,,,,
10025,Unofficial,,,,
10042,Unofficial,,,,
10050,Yes,Yes,,,
10051,Yes,Yes,,,
10110,Yes,Yes,,,
10172,Unofficial,,,,
10200,Unofficial,,,,
10200,Unofficial,,,,
10201-10204,Unofficial,,,,
10212,Yes,,,,
10308,Unofficial,Unofficial,,,
10346,No,,,,
10468,,Unofficial,,,
10480,Unofficial,Unofficial,,,
10505,,Unofficial,,,
10514,Unofficial,Unofficial,,,
10578,Unofficial,No,,,
10800,Unofficial,,,,
10823,,Unofficial,,,
10836,Unofficial,,,,
10891,Unofficial,,,,
10933,Yes,No,,,
11001,,,,,
11100,No,Unofficial,,,
11111,Unofficial,,,,
11111,Yes,Yes,,,
11112,Yes,Yes,,,
11211,Unofficial,Unofficial,,,
11214,Unofficial,Unofficial,,,
11215,Unofficial,Unofficial,,,
11235,Yes,Yes,Yes,,
11311,Unofficial,Unofficial,,,
11371,Yes,Yes,,,
11753,Unofficial,,,,
12000,Unofficial,Unofficial,,,
12012,,Unofficial,,,
12013,Unofficial,Unofficial,,,
12035,,Unofficial,,,
12043,Unofficial,,,,
12046,Unofficial,,,,
12201,Unofficial,Unofficial,,,
12222,,Yes,,,
12223,,Yes,,,
12307,,Unofficial,,,
12308,,Unofficial,,,
12345,Unofficial,Unofficial,,,
12345,Unofficial,,,,
12345,Unofficial,Unofficial,,,
12443,Unofficial,,,,
12489,Unofficial,,,,
12975,Unofficial,,,,
13000-13050,,Unofficial,,,
13008,Unofficial,Unofficial,,,
13075,Yes,,,,
13400,Yes,Yes,,,
13698,Unofficial,,,,
13720,Yes,Yes,,,
13721,Yes,Yes,,,
13724,Yes,Yes,,,
13782,Yes,Yes,,,
13783,Yes,Yes,,,
13785,Yes,Yes,,,
13786,Yes,Yes,,,
14550,,Unofficial,,,
14567,,Unofficial,,,
14652,Unofficial,,,,
14800,Unofficial,,,,
15000,Unofficial,,,,
15000,Unofficial,,,,
15000,Unofficial,,,,
15000,,Unofficial,,,
15009,Unofficial,Unofficial,,,
15010,Unofficial,Unofficial,,,
15441,Unofficial,Unofficial,,,
15567,,Unofficial,,,
15345,Yes,Yes,,,
15672,Unofficial,No,,,
16000,Unofficial,,,,
16000,Unofficial,,,,
16080,Unofficial,,,,
16200,Unofficial,,,,
16225,Unofficial,,,,
16250,Unofficial,,,,
16261,Unofficial,Unofficial,,,
16300,Unofficial,,,,
16384,,Unofficial,,,
16384-16403,,Unofficial,,,
16384-16387,,Unofficial,,,
16393-16402,,Unofficial,,,
16403-16472,,Unofficial,,,
16400,Unofficial,,,,
16567,,Unofficial,,,
16666,Unofficial,Unofficial,,,
16677,Unofficial,Unofficial,,,
17000,,Unofficial,,,
17011,Unofficial,,,,
17224,Yes,Yes,,,
17225,Yes,Yes,,,
17333,Unofficial,,,,
17472,Yes,,,,
17474,,Unofficial,,,
17475,Unofficial,Unofficial,,,
17500,Yes,Yes,,,
17777,Unofficial,Unofficial,,,
18080,Unofficial,No,,,
18081,Unofficial,No,,,
18091,Unofficial,Unofficial,,,
18092,Unofficial,Unofficial,,,
18104,Yes,,,,
18200,Unofficial,Unofficial,,,
18201,Unofficial,Unofficial,,,
18206,Unofficial,Unofficial,,,
18300,Unofficial,Unofficial,,,
18301,Unofficial,Unofficial,,,
18306,Unofficial,Unofficial,,,
18333,Unofficial,,,,
18400,Unofficial,Unofficial,,,
18401,Unofficial,Unofficial,,,
18505,Unofficial,Unofficial,,,
18506,Unofficial,Unofficial,,,
18605,Unofficial,Unofficial,,,
18606,Unofficial,Unofficial,,,
18676,Unofficial,Unofficial,,,
19000,Unofficial,Unofficial,,,
19000,,Unofficial,,,
19001,Unofficial,Unofficial,,,
19132,,Unofficial,,,
19133,,Unofficial,,,
19150,Unofficial,Unofficial,,,
19226,Unofficial,,,,
19294,Unofficial,,,,
19295,,Unofficial,,,
19302,,Unofficial,,,
19531,Unofficial,No,,,
19532,Unofficial,No,,,
19788,No,Yes,,,
19812,Yes,No,,,
19813,Yes,Yes,,,
19814,Yes,,,,
19999,Yes,Yes,,,
20000,Yes,Yes,,,
20000,Yes,Yes,,,
20000,Unofficial,Unofficial,,,
20000,Unofficial,Unofficial,,,
20560,Unofficial,Unofficial,,,
20582,,Unofficial,,,
20583,,Unofficial,,,
20595,,Unofficial,,,
20808,,Unofficial,,,
21025,Unofficial,,,,
21064,Unofficial,,,,
22000,Unofficial,,,,
22136,Unofficial,,,,
22222,Unofficial,,,,
22347,Yes,Yes,,,
22350,Yes,Yes,,,
22351,Yes,,,,
23073,Unofficial,Unofficial,,,
23399,Unofficial,Unofficial,,,
23513,Unofficial,Unofficial,,,
24441,Unofficial,Unofficial,,,
24444,Unofficial,Unofficial,,,
24465,Yes,Yes,,,
24554,Yes,Yes,,,
24800,Unofficial,Unofficial,,,
24842,Unofficial,Unofficial,,,
25565,Unofficial,,,,
25565,,Unofficial,,,
25575,,Unofficial,,,
25600-25700,Unofficial,Unofficial,,,
25734-25735,Unofficial,Unofficial,,,
25826,,Unofficial,,,
26000,Yes,Yes,,,
26000,Unofficial,,,,
26000,,Unofficial,,,
26822,,Unofficial,,,
26900-26901,Unofficial,,,,
26909-26911,Unofficial,,,,
27000,Unofficial,,,,
27000-27006,,Unofficial,,,
27000-27009,Yes,Yes,,,
27000-27015,No,Unofficial,,,
27015,No,Unofficial,,,
27015-27018,,Unofficial,,,
27015-27030,No,Unofficial,,,
27015-27030,Unofficial,Unofficial,,,
27016,Unofficial,Unofficial,,,
27017,Unofficial,No,,,
27031-27035,No,Unofficial,,,
27036,Unofficial,Unofficial,,,
27374,Unofficial,Unofficial,,,
27500-27900,,Unofficial,,,
27888,,Unofficial,,,
27901-27910,,Unofficial,,,
27950,,Unofficial,,,
27960-27969,,Unofficial,,,
28000,Yes,Yes,,,
28001,Unofficial,Unofficial,,,
28015,,Unofficial,,,
28016,,Unofficial,,,
28200,Assigned,Assigned,,,
28260,Unofficial,,,,
28443,Unofficial,,,,
28769,Unofficial,,,,
28770,Unofficial,,,,
28770-28771,,Unofficial,,,
28785-28786,,Unofficial,,,
28852,Unofficial,Unofficial,,,
28910,Unofficial,Unofficial,,,
28960,Unofficial,Unofficial,,,
29000,Yes,Yes,,,
29070,Unofficial,Unofficial,,,
29900-29901,Unofficial,Unofficial,,,
29920,Unofficial,Unofficial,,,
30000,,Unofficial,,,
30000,,Unofficial,,,
30000,,Unofficial,,,
30003,Yes,Yes,,,
30004,Yes,Yes,,,
30033,Unofficial,No,,,
30120,Unofficial,Unofficial,,,
30564,Unofficial,,,,
31337,Unofficial,,,,
31337,Unofficial,Unofficial,,,
31416,Unofficial,Unofficial,,,
31438,Unofficial,,,,
31457,Yes,,,,
32137,Unofficial,Unofficial,,,
32400,Yes,,,,
32764,Unofficial,,,,
32887,Unofficial,,,,
32976,Unofficial,,,,
33434,Yes,Yes,,,
33848,,Unofficial,,,
34000,,Unofficial,,,
34197,No,Unofficial,,,
35357,Yes,,,,
36330,Unofficial,,,,
37008,,Unofficial,,,
40000,Yes,Yes,,,
41121,Yes,Yes,,,
41230,Assigned,Yes,,,
41794,Yes,Yes,,,
41795,Yes,Yes,,,
41796,Yes,No,,,
41797,Yes,No,,,
42081-42090,Yes,Yes,,,
42590-42595,Yes,Yes,,,
42999,Yes,,,,
43110,Unofficial,,,,
43594-43595,Unofficial,Unofficial,,,
44123,Assigned,Unofficial,,,
44405,Unofficial,,,,
44818,Yes,Yes,,,
47808-47823,Yes,Yes,,,
48556,Yes,Yes,,,
48656,Unofficial,,,,
48657,,Unofficial,,,
49151,Reserved,Reserved,,,
Port,TCP,UDP,SCTP,DCCP,
49152-65535,Unofficial,No,,,
49160,Unofficial,,,,
51820,No,Unofficial,,,
55555,No,,,,
60000-61000,No,Unofficial,,,
64738,Unofficial,Unofficial,,,
